Marque;Libell√©
3M;3M LETTRAGE
ADERIS;ADERIS ADHESIF
ADV;ADV
AE;AE
AIRFREN;AIRFREN
ALGI;ALGI
AMP;AMP
ANDAC;ANDAC
AP;AP
ARFESA;ARFESA
ASPOCK;ASPOCK
AT;AT
ATE;ATE
AUB;AUBERTIN
BEHR;BEHR
BENDIT;BENDITALIA
BENDIX;BENDIX
BERTOC;BERTOCCO
BERU;BERU
BF;BENDIX FRANCE
BF GER;BF GERMANY
BICMA;BICMA
BO;BOSCH
BOINDU;BOINDU
BOSAL;BOSAL
BPW;BPW
BR;BR
BRAEM;BRAEM
BREMBO;BREMBO
BREMSKER;BREMSKERL
BREMST;BREMSTAR
BRM;BRM PARTS
BTT;BELGUIMTT
BU;BENDIX USA
BUDWEG;BUDWEG
BX;BX
CAMOZI;CAMOZI
CAR;CAR
CARECO;CARECO
CD;CLAYTON DEWANDRE
COFFI;COFFI
COUSSIN;COUSSIN
CRAVER;CRAVER
CROUZE;CROUZE
CUMMIN;CUMMIN
DAF;DAF
DELPHI;DELPHI
DI;DI
DIAG;DIAG
DIL;DIL
DIMETA;DIMETAL
DIVERS;DIVERS
DO;DON
DPIA;DPIA
DT;DIESEL TECHNIC
DUNLOP;DUNLOP
ECOTEC;ECOTEC
EFI;EFI
ELEC;ELEC
ERF;ERF
EUROMAT;EUROMAT
FABORY;FABORY
FEBI;FEBI
FERODO;FERODO
FERRON;FERRON
FIREST;FIREST
FIT;FIT
FONDERIE;FONDERIE
FONTENAX;FONTENAX
FOWA;FOWA
FREIX;FREIX
FREMPA;FREMPA
FRIGAIR;FRIGAIR RADIATEUR
FT;FT
FTE;FTE
GABRIEL;GB
GARBEN;GARBEN EMBRAYAGES
GEREP;GEREP
GIGANT;GIGANT
GIL;GIL AUTOMOTIVE
GOODYE;GOODYE
HALDEX;HALDEX
HARTING;HARTING CONNECTEURS INDUSTRIELS
HELLA;HELLA
HERION;HERION
HESSEL;HESSEL
HEXIS;HEXIS LETTRAGE VINYLE
HOLSET;HOLSET
INTERTRU;INTERTRUCK
ISF;ISF
ISF-BOX;ISF-BOX
ISFCR;ISF COLLAGE REGARNISSAGE
ISFPBOX;ISF-POWER-BOX
ISF-PBOX;ISF-POWER-BOX
IVECO;IVECO
JOST;JOST
JOUCO;JOUCO
JURATEK;JURATEK
JURID;JURID
KAISER;KAISER
KB;KB
KN;KN
KNIND;KNIND
KNORR;KNORR
KONI;KONI
KONS;KONGSBERG
LAND;LAND ROVER
LECINENA;LECINENA
LEGRIS;LEGRIS
LEMFORDE;LEMFORDER
LESTER;LESTER
LETTRAGE;LETTRAGE
LOXEAL;LOXEAL
LUCIF;LUCIF
LUK;LUK
MAJOR;MAJOR
MAN;MAN
MANN;MANN FILTER
MARTON;MARTON
MAXIBR;MAXIBR
MB;MB
MDF;MAISON DU FREIN
MECMAN;MECMAN
MERCED;MERCEDES
MERITOR;MERITOR
MESSIE;MESSIE
METK;MAELER & KAEGER
MG;MG
MGM;MGM
MINTEX;MINTEX
MO;MO
NELSON;NELSON
NIPPON;NIPPON
NORDMA;NORDMA
NORGRE;NORGRE
PAGID;PAGID
PERROT;PERROT
PHOENI;PHOENI
PIRELL;PIRELL
PNEUMATI;PNEUMATIS
PNEUMAX;PNEUMAX
PORT;PORT
PROVIA;PROVIA
QH;QH
RACCOR;RACCOR
RAUFOSS;RAUFOSS
RECORD;RECORD
RESERV;RESERV
REV;REV
REXROT;REXROT
RODAC;RODAC
ROLLS RO;ROLLS ROYCE
ROULUN;ROULUN
RVI;RVI
SABO;SABO
SACHS;SACHS
SAF;SAF
SAFIA;SAFIA
SAMCO;SAMCO
SAMKO;SAMKO
SATMO;SATMO
SAU;SAU
SCANIA;SCANIA
SCHMITZ;SCHMITZ
SEC;SEC
SHELL;SHELL
SI;SI
SIEM;SIEM
SKF;SKF
SKFPL;SKFPL
SKY;SKY
SMB;SMB
SODERE;SODERE
SPAL;SPAL
STANLE;STANLE
SYNERG;SYNERG
TAURUS;TAURUS
TECNAU;TECNAU
TEXTAR;TEXTAR
THYSSEN;THYSSEN KRUPP
TIMKEN;TIMKEN
TIT;TIT
TRAILO;TRAILO
TRUCK;TRUCK
TRW;TRW
TVH;TVH CHARIOT ELEVATEUR
UDF;UDF
VALEO;VALEO
VALOUT;VALOUT
VANHOOL;VANHOOL
VIGNAL;VIGNAL
VOLVO;VOLVO
VOSS;VOSS
VW;VOLKSWAGEN
WABCO;WABCO
WAGNER;WAGNER
WEWELER;WEWELER
WILLIA;WILLIA
WURTH;WURTH
XXXXXX;XXXXXX
YON;YON
YUKSEL;YUKSEL
ZF;ZF
